venue,bat_team,bowl_team,batsman,bowler,runs,wickets,overs,runs_last_5,wickets_last_5,run_rate,striker,strike_rate,non-striker,total,,,,,,,,
Western Australia Cricket Association Ground,Perth Scorchers,Adelaide Strikers,SM Whiteman,SW Tait,43,1,5,38,1,8.60,24,136.67,7,203,,,,,,,,
Western Australia Cricket Association Ground,Perth Scorchers,Adelaide Strikers,SM Whiteman,SW Tait,44,1,5,35,1,8.80,24,122.92,7,203,,,,,,,,
Adelaide,Australia,Afghanistan,SR Watson,Shapoor Zadran,150,6,19,33,3,7.89,91,128.33,24,173,,,,,,,,
Feroz Shah Kotla,England,Afghanistan,MM Ali,Shapoor Zadran,133,7,19,48,1,7.00,34,125.00,19,142,,,,,,,,
Manchester,England,Afghanistan,AD Mascarenhas,Mirwais Ashraf,147,9,19,48,2,7.74,59,125.00,86,176,,,,,,,,
Delhi,India,Afghanistan,MS Dhoni,Mohammad Nabi,129,8,19,35,0,6.79,74,125.00,41,158,,,,,,,,
Dubai International Cricket Stadium,Ireland,Afghanistan,NG Jones,Hamid Hassan,107,5,14,33,4,7.64,12,125.00,0,142,,,,,,,,
Dubai International Cricket Stadium,Ireland,Afghanistan,DT Johnston,Hamid Hassan,128,7,18,29,2,7.11,7,126.67,5,142,,,,,,,,
Sheikh Zayed Stadium,Ireland,Afghanistan,DT Johnston,Amir Hamza,165,2,14,57,0,11.79,74,141.67,33,225,,,,,,,,
Sheikh Zayed Stadium,Ireland,Afghanistan,JF Mooney,Shapoor Zadran,212,4,18,55,2,11.78,62,126.67,12,225,,,,,,,,
Sharjah Cricket Stadium,Kenya,Afghanistan,NN Odhiambo,Hamid Hassan,27,0,3,27,0,9.00,14,126.67,7,149,,,,,,,,
Zahur Ahmed Chowdhury Stadium,Nepal,Afghanistan,S Vesawkar,Samiullah Shenwari,67,3,12,17,2,5.58,21,131.25,10,141,,,,,,,,
Zahur Ahmed Chowdhury Stadium,Nepal,Afghanistan,SP Khakurel,Samiullah Shenwari,80,3,14,26,0,5.71,28,131.25,13,141,,,,,,,,
Dubai International Cricket Stadium,Oman,Afghanistan,Zeeshan Maqsood,Fareed Ahmad,9,0,2,9,0,4.50,5,125.00,2,149,,,,,,,,
"Kensington Oval, Bridgetown",South Africa,Afghanistan,JH Kallis,Nawroz Mangal,61,2,8,30,1,7.63,27,125.00,4,139,,,,,,,,
Wankhede Stadium,South Africa,Afghanistan,JP Duminy,Dawlat Zadran,190,4,19,67,1,10.00,20,127.50,9,209,,,,,,,,
Bristol,Afghanistan,Australia,Mohammad Nabi,B Lee,105,7,19,41,3,5.53,49,125.00,0,141,,,,,,,,
Wankhede,Afghanistan,Australia,Usman Ghani,GD McGrath,161,9,19,50,1,8.47,13,141.67,93,192,,,,,,,,
Shere Bangla National Stadium,Bangladesh,Australia,Tamim Iqbal,MA Starc,5,1,2,5,1,2.50,2,142.50,0,153,,,,,,,,
Newlands,Bangladesh,Australia,Aftab Ahmed,MG Johnson,74,2,12,32,1,6.17,14,147.00,1,123,,,,,,,,
Shere Bangla National Stadium,Bangladesh,Australia,Mushfiqur Rahim,SR Watson,124,2,16,41,0,7.75,60,136.67,47,153,,,,,,,,
Melbourne Cricket Ground,England,Australia,SCJ Broad,JR Hazlewood,119,7,19,24,1,6.26,13,127.50,12,130,,,,,,,,
Lord's,England,Australia,EJG Morgan,B Lee,122,8,19,39,3,6.42,30,125.00,46,141,,,,,,,,
Birmingham,England,Australia,SCJ Broad,GD McGrath,160,5,19,39,0,8.42,27,128.33,33,187,,,,,,,,
Adelaide Oval,India,Australia,V Kohli,SW Tait,42,2,5,38,2,8.40,1,125.00,0,188,,,,,,,,
Ahmedabad,India,Australia,MS Dhoni,B Lee,168,5,19,27,1,8.84,31,126.67,37,196,,,,,,,,
Chennai,India,Australia,RG Sharma,GD McGrath,112,6,19,23,0,5.89,28,125.00,49,139,,,,,,,,
Himachal Pradesh Cricket Association Stadium,New Zealand,Australia,C Munro,MR Marsh,70,2,9,35,2,7.78,5,125.00,1,142,,,,,,,,
Edgbaston,Pakistan,Australia,Kamran Akmal,SW Tait,4,1,1,4,1,4.00,1,127.50,1,167,,,,,,,,
Edgbaston,Pakistan,Australia,Salman Butt,SW Tait,1,1,1,1,1,1.00,0,122.92,0,162,,,,,,,,
Dubai International Cricket Stadium,Pakistan,Australia,Nasir Jamshed,PJ Cummins,15,1,2,15,1,7.50,12,122.92,1,151,,,,,,,,
Shere Bangla National Stadium,Pakistan,Australia,Kamran Akmal,MA Starc,10,1,2,10,1,5.00,2,126.67,2,191,,,,,,,,
Dubai International Cricket Stadium,Pakistan,Australia,Sohaib Maqsood,GJ Maxwell,23,2,4,23,2,5.75,9,126.67,0,96,,,,,,,,
Edgbaston,Pakistan,Australia,Shoaib Malik,MG Johnson,71,2,9,38,1,7.89,27,130.00,4,162,,,,,,,,
Shere Bangla National Stadium,Pakistan,Australia,Umar Akmal,NM Coulter-Nile,45,2,7,35,1,6.43,13,141.67,8,191,,,,,,,,
"Beausejour Stadium, Gros Islet",Pakistan,Australia,Abdul Razzaq,DJ Hussey,183,4,18,69,2,10.17,53,126.67,10,191,,,,,,,,
R Premadasa Stadium,Pakistan,Australia,Nasir Jamshed,XJ Doherty,104,2,14,51,0,7.43,52,125.00,31,149,,,,,,,,
Dubai International Cricket Stadium,Pakistan,Australia,Wahab Riaz,SA Abbott,79,8,17,22,2,4.65,13,125.00,1,96,,,,,,,,
"Brisbane Cricket Ground, Woolloongabba",South Africa,Australia,HH Gibbs,NW Bracken,5,0,1,5,0,5.00,4,141.67,0,157,,,,,,,,
Stadium Australia,South Africa,Australia,Q de Kock,SA Abbott,40,0,5,40,0,8.00,20,130.00,19,145,,,,,,,,
New Wanderers Stadium,South Africa,Australia,F du Plessis,MR Marsh,88,2,10,41,1,8.80,21,126.67,8,204,,,,,,,,
SuperSport Park,South Africa,Australia,MV Boucher,NW Bracken,135,5,18,51,2,7.50,2,140.00,1,156,,,,,,,,
R Premadasa Stadium,South Africa,Australia,AB de Villiers,XJ Doherty,80,4,13,30,1,6.15,19,136.67,4,146,,,,,,,,
R Premadasa Stadium,South Africa,Australia,F Behardien,GB Hogg,94,5,15,29,1,6.27,13,122.92,1,146,,,,,,,,
New Wanderers Stadium,South Africa,Australia,F du Plessis,JP Faulkner,148,4,16,44,1,9.25,38,145.83,2,204,,,,,,,,
Pallekele International Cricket Stadium,Sri Lanka,Australia,DPMD Jayawardene,B Lee,146,7,19,25,3,7.68,82,128.33,3,157,,,,,,,,
R Premadasa Stadium,Sri Lanka,Australia,DM de Silva,MA Starc,100,7,16,27,3,6.25,48,125.00,3,128,,,,,,,,
R Premadasa Stadium,Sri Lanka,Australia,SMSM Senanayake,MA Starc,124,8,19,36,1,6.53,62,126.67,3,128,,,,,,,,
Sydney Cricket Ground,West Indies,Australia,CH Gayle,RJ Harris,11,0,1,11,0,11.00,6,147.00,1,138,,,,,,,,
"Beausejour Stadium, Gros Islet",West Indies,Australia,DR Smith,JL Pattinson,8,0,1,8,0,8.00,5,126.67,1,150,,,,,,,,
Sydney Cricket Ground,West Indies,Australia,TM Dowlin,MG Johnson,36,2,6,25,2,6.00,18,125.00,0,138,,,,,,,,
"Beausejour Stadium, Gros Islet",West Indies,Australia,NO Miller,SW Tait,95,9,17,18,4,5.59,7,141.67,2,105,,,,,,,,
Shere Bangla National Stadium,Afghanistan,Bangladesh,Najeeb Tarakai,Mashrafe Mortaza,9,1,2,9,1,4.50,6,141.67,1,72,,,,,,,,
Shere Bangla National Stadium,Afghanistan,Bangladesh,Najeeb Tarakai,Al-Amin Hossain,19,1,4,19,1,4.75,8,125.00,7,72,,,,,,,,
Shere Bangla National Stadium,Afghanistan,Bangladesh,Dawlat Zadran,Farhad Reza,71,8,16,17,3,4.44,1,136.67,0,72,,,,,,,,
Southampton,Afghanistan,Bangladesh,Mirwais Ashraf,Syed Rasel,136,7,19,43,0,7.16,29,125.00,29,151,,,,,,,,
Dharamsala,Afghanistan,Bangladesh,Samiullah Shenwari,Mashrafe Mortaza,139,7,19,27,4,7.32,12,125.00,15,145,,,,,,,,
Nottingham,Australia,Bangladesh,NM Hauritz,Syed Rasel,177,8,19,19,4,9.32,86,126.67,54,212,,,,,,,,
Pune,Australia,Bangladesh,BJ Haddin,Syed Rasel,152,8,19,11,0,8.00,57,125.00,20,159,,,,,,,,
Dubai (DSC),Australia,Bangladesh,SR Watson,Mashrafe Mortaza,136,6,19,24,0,7.16,70,125.00,23,159,,,,,,,,
Cardiff,England,Bangladesh,AU Rashid,Syed Rasel,121,8,19,32,1,6.37,53,125.00,6,148,,,,,,,,
Shere Bangla National Stadium,India,Bangladesh,V Kohli,Mustafizur Rahman,17,1,3,17,1,5.67,7,126.67,6,166,,,,,,,,
Trent Bridge,India,Bangladesh,Yuvraj Singh,Rubel Hossain,141,3,17,43,2,8.29,26,128.33,0,180,,,,,,,,
Pune,India,Bangladesh,MS Dhoni,Syed Rasel,144,8,19,18,3,7.58,21,141.67,53,152,,,,,,,,
Sportpark Westvliet,Netherlands,Bangladesh,MR Swart,Mashrafe Mortaza,11,1,2,11,1,5.50,8,127.50,1,144,,,,,,,,
Bay Oval,New Zealand,Bangladesh,KS Williamson,Mustafizur Rahman,31,1,3,31,1,10.33,28,141.67,2,195,,,,,,,,
Shere Bangla National Stadium,New Zealand,Bangladesh,LRPL Taylor,Ziaur Rahman,151,2,15,63,0,10.07,47,125.00,20,204,,,,,,,,
Bay Oval,New Zealand,Bangladesh,CJ Anderson,Taskin Ahmed,178,4,19,71,1,9.37,79,126.67,3,194,,,,,,,,
Shere Bangla National Stadium,Pakistan,Bangladesh,Imran Farhat,Abdur Razzak,11,0,1,11,0,11.00,5,141.67,1,135,,,,,,,,
Shere Bangla National Stadium,Pakistan,Bangladesh,Ahmed Shehzad,Abdur Razzak,77,3,10,30,2,7.70,53,136.21,1,190,,,,,,,,
Shere Bangla National Stadium,Pakistan,Bangladesh,Mukhtar Ahmed,Arafat Sunny,77,2,12,39,2,6.42,37,126.67,2,141,,,,,,,,
Gymkhana Club Ground,Pakistan,Bangladesh,Shahid Afridi,Farhad Reza,168,5,18,41,2,9.33,23,125.00,1,191,,,,,,,,
Shere Bangla National Stadium,Pakistan,Bangladesh,Misbah-ul-Haq,Nasir Hossain,92,3,13,31,2,7.08,19,126.67,2,135,,,,,,,,
Shere Bangla National Stadium,South Africa,Bangladesh,Q de Kock,Mustafizur Rahman,30,0,3,30,0,10.00,12,142.50,10,169,,,,,,,,
New Wanderers Stadium,West Indies,Bangladesh,DS Smith,Mashrafe Mortaza,17,1,3,17,1,5.67,13,147.00,3,164,,,,,,,,
New Wanderers Stadium,West Indies,Bangladesh,DS Smith,Mashrafe Mortaza,18,1,3,18,1,6.00,13,128.33,3,164,,,,,,,,
New Wanderers Stadium,West Indies,Bangladesh,DS Smith,Mashrafe Mortaza,19,1,3,19,1,6.33,13,142.41,3,164,,,,,,,,
Shere Bangla National Stadium,West Indies,Bangladesh,LMP Simmons,Shakib Al Hasan,98,2,12,54,2,8.17,19,134.29,0,171,,,,,,,,
Shere Bangla National Stadium,West Indies,Bangladesh,KA Pollard,Sohag Gazi,101,3,13,40,1,7.77,25,136.21,2,197,,,,,,,,
Queens Sports Club,Zimbabwe,Bangladesh,H Masakadza,Shafiul Islam,6,1,1,6,1,6.00,4,125.00,1,168,,,,,,,,
Sheikh Abu Naser Stadium,Zimbabwe,Bangladesh,H Masakadza,Abu Hider,7,1,1,7,1,7.00,2,101.00,0,180,,,,,,,,
Queens Sports Club,Zimbabwe,Bangladesh,H Masakadza,Mahmudullah,77,2,9,43,1,8.56,30,125.00,0,168,,,,,,,,
"Brisbane Cricket Ground, Woolloongabba",Perth Scorchers,Brisbane Heat,AC Agar,BCJ Cutting,79,4,12,35,2,6.58,2,125.00,1,151,,,,,,,,
ICC Global Cricket Academy,Afghanistan,Canada,Samiullah Shenwari,H Patel,96,3,14,39,0,6.86,26,126.67,17,174,,,,,,,,
ICC Global Cricket Academy,Kenya,Canada,IA Karim,AS Hansra,31,1,5,27,1,6.20,14,130.00,0,139,,,,,,,,
Dubai International Cricket Stadium,Netherlands,Canada,SJ Myburgh,H Osinde,8,1,2,8,1,4.00,2,147.00,0,135,,,,,,,,
Dubai International Cricket Stadium,Netherlands,Canada,TLW Cooper,H Osinde,38,2,6,33,2,6.33,14,141.67,0,135,,,,,,,,
Dr DY Patil Sports Academy,Pune Warriors,Chennai Super Kings,JD Ryder,KMDN Kulasekara,9,0,2,9,0,4.50,6,134.29,2,141,,,,,,,,
"MA Chidambaram Stadium, Chepauk",Pune Warriors,Chennai Super Kings,AJ Finch,DP Nannes,20,0,2,20,0,10.00,17,128.33,2,159,,,,,,,,
Subrata Roy Sahara Stadium,Pune Warriors,Delhi Daredevils,RV Uthappa,UT Yadav,38,0,5,38,0,7.60,24,126.67,13,172,,,,,,,,
Old Trafford,Lancashire,Derbyshire,AN Petersen,A Carter,14,1,2,14,1,7.00,4,145.83,0,131,,,,,,,,
Old Trafford,Lancashire,Derbyshire,LS Livingstone,SJ Thakor,63,3,12,19,1,5.25,12,125.00,9,131,,,,,,,,
Headingley,Yorkshire,Durham,A Lyth,KK Jennings,108,2,10,42,1,10.80,58,147.00,4,223,,,,,,,,
Delhi,Afghanistan,England,Gulbadin Naib,JM Anderson,144,7,19,10,0,7.58,20,131.25,82,159,,,,,,,,
Perth,Afghanistan,England,Samiullah Shenwari,A Flintoff,129,7,19,24,4,6.79,29,125.00,61,136,,,,,,,,
Stadium Australia,Australia,England,CL White,JM Anderson,4,0,1,4,0,4.00,2,135.00,1,195,,,,,,,,
The Rose Bowl,Australia,England,AJ Finch,ST Finn,17,1,2,17,1,8.50,13,142.41,0,248,,,,,,,,
Bellerive Oval,Australia,England,CL White,TT Bresnan,24,0,3,24,0,8.00,14,125.00,9,213,,,,,,,,
Adelaide Oval,Australia,England,DJ Hussey,CR Woakes,96,2,12,40,2,8.00,4,147.00,1,157,,,,,,,,
Bellerive Oval,Australia,England,AJ Finch,RS Bopara,79,0,8,54,0,9.88,47,126.67,30,213,,,,,,,,
Dubai (DSC),Australia,England,SR Watson,JM Anderson,89,6,19,40,0,4.68,30,141.67,25,115,,,,,,,,
Dharamsala,Bangladesh,England,Abdur Razzak,A Flintoff,166,7,19,24,0,8.74,8,126.67,9,169,,,,,,,,
Abu Dhabi,Bangladesh,England,Shakib Al Hasan,JM Anderson,144,8,19,34,3,7.58,0,126.67,81,178,,,,,,,,
Green Park,India,England,V Kohli,CJ Jordan,10,0,1,10,0,10.00,5,150.00,4,147,,,,,,,,
R Premadasa Stadium,India,England,IK Pathan,ST Finn,17,0,2,17,0,8.50,10,132.50,3,170,,,,,,,,
"Vidarbha Cricket Association Stadium, Jamtha",India,England,KL Rahul,BA Stokes,38,1,5,37,1,7.60,15,141.67,1,144,,,,,,,,
Old Trafford,India,England,MS Dhoni,TT Bresnan,133,5,16,29,4,8.31,20,141.67,2,165,,,,,,,,
R Premadasa Stadium,India,England,RG Sharma,JW Dernbach,154,3,19,43,1,8.11,42,126.67,9,170,,,,,,,,
Green Park,India,England,HH Pandya,BA Stokes,107,5,15,32,2,7.13,7,141.67,7,147,,,,,,,,
M Chinnaswamy Stadium,India,England,MS Dhoni,CJ Jordan,187,4,19,60,1,9.84,52,127.50,5,202,,,,,,,,
Lucknow,India,England,SK Raina,null,148,9,19,43,1,7.79,3,125.00,46,152,,,,,,,,
Zahur Ahmed Chowdhury Stadium,Netherlands,England,MR Swart,CJ Jordan,19,0,2,19,0,9.50,12,136.67,6,133,,,,,,,,
Zahur Ahmed Chowdhury Stadium,Netherlands,England,W Barresi,JC Tredwell,76,1,10,33,0,7.60,32,147.00,21,133,,,,,,,,
Zahur Ahmed Chowdhury Stadium,Netherlands,England,W Barresi,SCJ Broad,119,3,18,23,1,6.61,39,140.00,5,133,,,,,,,,
Kennington Oval,New Zealand,England,HD Rutherford,RS Bopara,78,1,8,43,0,9.75,46,127.50,30,201,,,,,,,,
Seddon Park,New Zealand,England,C Munro,JW Dernbach,131,3,15,45,2,8.73,37,134.29,1,192,,,,,,,,
Feroz Shah Kotla,New Zealand,England,C Munro,LE Plunkett,107,2,13,34,1,8.23,46,125.00,6,153,,,,,,,,
Feroz Shah Kotla,New Zealand,England,LRPL Taylor,AU Rashid,112,3,14,28,2,8.00,9,136.67,1,153,,,,,,,,
"Kensington Oval, Bridgetown",Pakistan,England,Kamran Akmal,TT Bresnan,12,0,1,12,0,12.00,7,128.33,4,147,,,,,,,,
Dubai International Cricket Stadium,Pakistan,England,Khalid Latif,LJ Wright,26,2,6,21,2,4.33,4,110.00,3,129,,,,,,,,
"Kensington Oval, Bridgetown",Pakistan,England,Abdul Razzaq,RJ Sidebottom,113,5,16,32,1,7.06,26,130.00,1,147,,,,,,,,
Sophia Gardens,Pakistan,England,Umar Gul,RJ Sidebottom,64,7,15,20,2,4.27,6,125.00,2,89,,,,,,,,
Newlands,South Africa,England,GC Smith,SCJ Broad,33,1,4,33,1,8.25,19,122.92,10,154,,,,,,,,
Newlands,South Africa,England,VD Philander,A Flintoff,105,6,16,24,3,6.56,9,145.83,2,154,,,,,,,,
Zahur Ahmed Chowdhury Stadium,South Africa,England,JP Duminy,CJ Jordan,117,2,14,41,2,8.36,20,125.00,2,196,,,,,,,,
Zahur Ahmed Chowdhury Stadium,South Africa,England,DA Miller,CJ Jordan,168,3,18,52,1,9.33,50,125.00,13,196,,,,,,,,
Pallekele International Cricket Stadium,Sri Lanka,England,NLTC Perera,JW Dernbach,133,5,17,41,2,7.82,4,125.00,1,169,,,,,,,,
Pallekele International Cricket Stadium,Sri Lanka,England,NLTC Perera,SCJ Broad,149,5,18,50,2,8.28,13,126.67,7,169,,,,,,,,
Zahur Ahmed Chowdhury Stadium,Sri Lanka,England,DPMD Jayawardene,JW Dernbach,120,1,14,57,0,8.57,75,125.00,40,189,,,,,,,,
Zahur Ahmed Chowdhury Stadium,Sri Lanka,England,TM Dilshan,SCJ Broad,131,1,15,56,0,8.73,82,125.00,42,189,,,,,,,,
Kennington Oval,West Indies,England,ACL Richards,AD Mascarenhas,53,1,7,41,1,7.57,40,126.67,1,169,,,,,,,,
Kennington Oval,West Indies,England,D Ramdin,SCJ Broad,188,4,17,65,1,11.06,44,136.67,22,208,,,,,,,,
Lord's,Middlesex,Essex,NRT Gubbins,DD Masters,20,0,2,20,0,10.00,9,125.00,5,126,,,,,,,,
County Ground,Essex,Gloucestershire,DW Lawrence,BAC Howell,78,4,11,31,2,7.09,13,125.00,1,153,,,,,,,,
County Ground,Somerset,Gloucestershire,PD Trego,BAC Howell,61,1,7,47,1,8.71,17,140.00,1,158,,,,,,,,
County Ground,Somerset,Gloucestershire,PD Trego,BAC Howell,40,1,5,40,1,8.00,25,125.00,6,167,,,,,,,,
Western Australia Cricket Association Ground,Perth Scorchers,Hobart Hurricanes,SE Marsh,DE Bollinger,39,1,6,33,1,6.50,26,130.00,3,191,,,,,,,,
Western Australia Cricket Association Ground,Perth Scorchers,Hobart Hurricanes,CJ Simmons,EP Gulbis,73,1,10,43,0,7.30,41,128.33,20,191,,,,,,,,
Zahur Ahmed Chowdhury Stadium,Nepal,Hong Kong,P Khadka,Aizaz Khan,49,2,7,33,2,7.00,9,126.67,1,149,,,,,,,,
"Civil Service Cricket Club, Stormont",Nepal,Hong Kong,RP Magar,Nadeem Ahmed,36,5,10,19,2,3.60,3,141.67,0,109,,,,,,,,
Zahur Ahmed Chowdhury Stadium,Nepal,Hong Kong,G Malla,Irfan Ahmed,95,2,14,38,0,6.79,36,142.50,15,149,,,,,,,,
"Civil Service Cricket Club, Stormont",Nepal,Hong Kong,Sompal Kami,Tanwir Afzal,84,7,18,35,2,4.67,15,128.33,5,109,,,,,,,,
"Vidarbha Cricket Association Stadium, Jamtha",Zimbabwe,Hong Kong,MN Waller,Anshuman Rath,113,4,15,34,0,7.53,51,142.41,23,158,,,,,,,,
"Beausejour Stadium, Gros Islet",Afghanistan,India,Noor Ali Zadran,YK Pathan,58,3,12,25,0,4.83,32,125.00,10,115,,,,,,,,
Southampton,Afghanistan,India,Shafiqullah,RP Singh,89,8,19,32,3,4.68,9,126.67,30,104,,,,,,,,
Abu Dhabi,Afghanistan,India,Mohammad Nabi,AB Agarkar,84,9,19,16,2,4.42,11,125.00,12,90,,,,,,,,
Melbourne Cricket Ground,Australia,India,AJ Finch,P Kumar,28,2,4,28,2,7.00,18,125.00,0,131,,,,,,,,
Saurashtra Cricket Association Stadium,Australia,India,AJ Finch,B Kumar,49,0,4,49,0,12.25,29,128.33,19,201,,,,,,,,
"Punjab Cricket Association IS Bindra Stadium, Mohali",Australia,India,AJ Finch,R Ashwin,65,1,7,39,1,9.29,26,141.67,5,160,,,,,,,,
"Punjab Cricket Association IS Bindra Stadium, Mohali",Australia,India,GJ Maxwell,Yuvraj Singh,101,4,13,28,2,7.77,13,126.67,0,160,,,,,,,,
The Oval,Australia,India,NM Hauritz,RP Singh,172,5,19,50,2,9.05,51,125.00,45,202,,,,,,,,
Birmingham,Bangladesh,India,Nasir Hossain,IK Pathan,160,9,19,27,0,8.42,84,125.00,23,194,,,,,,,,
Adelaide,Bangladesh,India,Mahmudullah,AB Agarkar,120,8,19,22,1,6.32,24,126.67,33,141,,,,,,,,
Lord's,England,India,AD Mascarenhas,RA Jadeja,83,2,12,32,1,6.92,39,125.00,3,153,,,,,,,,
Lord's,England,India,AD Mascarenhas,RA Jadeja,114,3,16,38,1,7.13,14,145.83,11,153,,,,,,,,
Birmingham,England,India,MM Ali,RP Singh,161,5,19,55,4,8.47,81,126.67,0,172,,,,,,,,
Adelaide,England,India,GP Swann,AB Agarkar,181,6,19,37,1,9.53,13,125.00,72,193,,,,,,,,
New Wanderers Stadium,New Zealand,India,PG Fulton,RP Singh,24,1,3,24,1,8.00,18,127.50,0,190,,,,,,,,
Shere Bangla National Stadium,Pakistan,India,Sharjeel Khan,A Nehra,7,1,2,7,1,3.50,1,128.33,0,83,,,,,,,,
R Premadasa Stadium,Pakistan,India,Umar Akmal,V Kohli,67,5,11,25,3,6.09,5,131.25,5,128,,,,,,,,
Eden Gardens,Pakistan,India,Sharjeel Khan,RA Jadeja,29,0,6,26,0,4.83,15,126.67,12,118,,,,,,,,
R Premadasa Stadium,Pakistan,India,Umar Akmal,R Ashwin,93,5,13,44,1,7.15,18,130.00,17,128,,,,,,,,
Shere Bangla National Stadium,South Africa,India,HM Amla,R Ashwin,44,1,5,41,1,8.80,22,128.33,12,172,,,,,,,,
Shere Bangla National Stadium,South Africa,India,F du Plessis,SK Raina,48,2,7,33,1,6.86,14,142.41,1,172,,,,,,,,
"Vidarbha Cricket Association Stadium, Jamtha",Sri Lanka,India,ST Jayasuriya,A Nehra,18,0,4,18,0,4.50,9,141.67,6,215,,,,,,,,
"Punjab Cricket Association Stadium, Mohali",Sri Lanka,India,ST Jayasuriya,SK Raina,74,1,6,58,0,12.33,32,125.00,29,206,,,,,,,,
"Punjab Cricket Association Stadium, Mohali",Sri Lanka,India,ST Jayasuriya,SK Raina,76,1,6,58,0,12.67,32,145.83,29,206,,,,,,,,
"Punjab Cricket Association Stadium, Mohali",Sri Lanka,India,DPMD Jayawardene,I Sharma,133,3,12,49,2,11.08,20,130.00,5,206,,,,,,,,
Dr. Y.S. Rajasekhara Reddy ACA-VDCA Cricket Stadium,Sri Lanka,India,TAM Siriwardana,A Nehra,21,4,5,20,4,4.20,4,131.25,0,82,,,,,,,,
R Premadasa Stadium,Sri Lanka,India,LPC Silva,RA Jadeja,115,3,14,40,2,8.21,40,128.33,0,171,,,,,,,,
R Premadasa Stadium,Sri Lanka,India,TM Dilshan,I Sharma,136,3,16,49,1,8.50,46,142.41,11,171,,,,,,,,
Shere Bangla National Stadium,West Indies,India,CH Gayle,Mohammed Shami,6,0,3,6,0,2.00,2,125.00,0,129,,,,,,,,
"Kensington Oval, Bridgetown",West Indies,India,CH Gayle,A Nehra,73,0,11,42,0,6.64,46,125.00,22,169,,,,,,,,
Shere Bangla National Stadium,West Indies,India,LMP Simmons,A Mishra,73,2,14,28,1,5.21,18,145.83,1,129,,,,,,,,
Central Broward Regional Park Stadium Turf Ground,West Indies,India,KA Pollard,JJ Bumrah,236,4,19,38,3,12.42,15,125.00,14,245,,,,,,,,
Harare Sports Club,Zimbabwe,India,H Masakadza,R Vinay Kumar,3,0,1,3,0,3.00,1,130.00,0,140,,,,,,,,
Harare Sports Club,Zimbabwe,India,H Masakadza,Sandeep Sharma,22,0,3,22,0,7.33,13,131.25,5,145,,,,,,,,
Dubai International Cricket Stadium,Afghanistan,Ireland,Mohammad Shahzad,PC Connell,16,2,4,16,2,4.00,6,126.67,0,139,,,,,,,,
Greater Noida Sports Complex Ground,Afghanistan,Ireland,Mohammad Shahzad,SR Thompson,64,1,6,50,1,10.67,49,134.29,6,233,,,,,,,,
Greater Noida Sports Complex Ground,Afghanistan,Ireland,Mohammad Shahzad,KJ O'Brien,96,1,10,40,0,9.60,61,132.50,23,233,,,,,,,,
Dubai International Cricket Stadium,Afghanistan,Ireland,Mohammad Nabi,AR Cusack,96,5,15,36,3,6.40,13,142.50,2,139,,,,,,,,
Greater Noida Sports Complex Ground,Afghanistan,Ireland,Mohammad Nabi,GH Dockrell,123,5,13,43,4,9.46,1,122.92,0,233,,,,,,,,
Greater Noida Sports Complex Ground,Afghanistan,Ireland,Mohammad Nabi,GH Dockrell,124,5,13,40,4,9.54,1,130.00,0,233,,,,,,,,
Greater Noida Sports Complex Ground,Afghanistan,Ireland,Samiullah Shenwari,BJ McCarthy,159,5,16,40,3,9.94,30,128.33,5,233,,,,,,,,
Brisbane,Australia,Ireland,JW Hastings,PC Connell,173,7,19,40,4,9.11,28,125.00,12,173,,,,,,,,
Melbourne,England,Ireland,SCJ Broad,DT Johnston,158,9,19,54,2,8.32,104,131.25,79,180,,,,,,,,
Mombasa Sports Club Ground,Kenya,Ireland,T Mishra,KJ O'Brien,63,2,11,27,1,5.73,26,125.00,8,131,,,,,,,,
"Civil Service Cricket Club, Stormont",Nepal,Ireland,P Khadka,SR Thompson,21,2,4,21,2,5.25,16,125.00,1,53,,,,,,,,
Trent Bridge,New Zealand,Ireland,SB Styris,RM West,95,2,10,44,1,9.50,15,126.67,2,198,,,,,,,,
Kennington Oval,Pakistan,Ireland,Shahzaib Hasan,DT Johnston,5,0,1,5,0,5.00,3,132.50,1,159,,,,,,,,
Tony Ireland Stadium,Papua New Guinea,Ireland,S Bau,KJ O'Brien,67,3,12,34,0,5.58,20,136.67,14,116,,,,,,,,
Lord's,Sri Lanka,Ireland,KC Sangakkara,DT Johnston,5,1,1,5,1,5.00,4,134.29,0,144,,,,,,,,
"Sabina Park, Kingston",West Indies,Ireland,MN Samuels,SR Thompson,36,2,8,12,2,4.50,3,122.92,2,96,,,,,,,,
Dubai International Cricket Stadium,Islamabad United,Karachi Kings,BJ Haddin,Usama Mir,68,3,10,27,2,6.80,36,142.41,1,123,,,,,,,,
County Ground,Essex,Kent,T Westley,FK Cowdrey,60,2,8,40,1,7.50,30,145.83,7,204,,,,,,,,
ICC Academy,Netherlands,Kenya,W Barresi,E Otieno,6,1,1,6,1,6.00,4,125.00,1,130,,,,,,,,
Wanderers Cricket Ground,Netherlands,Kenya,MR Swart,NN Odhiambo,140,1,15,59,1,9.33,88,128.33,7,172,,,,,,,,
New Wanderers Stadium,Sri Lanka,Kenya,KC Sangakkara,NN Odhiambo,75,1,8,54,0,9.38,41,134.29,19,260,,,,,,,,
New Wanderers Stadium,Sri Lanka,Kenya,DPMD Jayawardene,JK Kamande,157,2,13,74,1,12.08,81,125.00,25,260,,,,,,,,
Subrata Roy Sahara Stadium,Pune Warriors,Kings XI Punjab,JD Ryder,P Kumar,30,1,4,30,1,7.50,7,122.92,0,166,,,,,,,,
Holkar Cricket Stadium,Rising Pune Supergiant,Kings XI Punjab,SPD Smith,MP Stoinis,49,2,8,42,1,6.13,26,122.92,3,163,,,,,,,,
Dr DY Patil Sports Academy,Pune Warriors,Kolkata Knight Riders,SC Ganguly,Iqbal Abdulla,26,2,5,26,2,5.20,5,126.67,3,118,,,,,,,,
Dr DY Patil Sports Academy,Pune Warriors,Kolkata Knight Riders,SC Ganguly,Shakib Al Hasan,70,3,12,35,1,5.83,18,125.00,10,118,,,,,,,,
Maharashtra Cricket Association Stadium,Rising Pune Supergiant,Kolkata Knight Riders,AM Rahane,SP Narine,26,0,3,26,0,8.67,15,126.67,8,182,,,,,,,,
Headingley,Yorkshire,Lancashire,AZ Lees,GA Edwards,30,0,2,30,0,15.00,22,125.00,5,141,,,,,,,,
Headingley,Yorkshire,Lancashire,JA Leaning,GA Edwards,36,2,4,36,2,9.00,1,126.67,0,141,,,,,,,,
Grace Road,Durham,Leicestershire,MJ Richardson,KJ O'Brien,20,3,4,20,3,5.00,5,141.67,3,120,,,,,,,,
Edgbaston,Warwickshire,Leicestershire,SR Hain,TJ Wells,99,0,11,45,0,9.00,50,110.00,45,186,,,,,,,,
Melbourne Cricket Ground,Adelaide Strikers,Melbourne Stars,TP Ludeman,L Bowe,89,2,12,27,0,7.42,24,126.67,14,152,,,,,,,,
Wankhede Stadium,Pune Warriors,Mumbai Indians,WD Parnell,SL Malinga,3,1,2,3,1,1.50,1,128.33,1,129,,,,,,,,
Wankhede Stadium,Pune Warriors,Mumbai Indians,RV Uthappa,SL Malinga,80,5,12,33,1,6.67,32,125.00,10,118,,,,,,,,
Maharashtra Cricket Association Stadium,Rising Pune Supergiants,Mumbai Indians,SPD Smith,HH Pandya,75,1,7,65,0,10.71,34,126.67,34,159,,,,,,,,
Abu Dhabi,Afghanistan,Namibia,Samiullah Shenwari,HH Pandya,124,9,19,15,2,6.53,43,136.67,3,125,,,,,,,,
Dubai (DSC),India,Namibia,HH Pandya,HH Pandya,172,9,19,36,2,9.05,54,141.67,31,176,,,,,,,,
Sharjah,Ireland,Namibia,DT Johnston,HH Pandya,189,5,19,52,0,9.95,71,126.67,78,189,,,,,,,,
VRA Ground,Netherlands,Nepal,TP Visee,Karan KC,9,0,1,9,0,9.00,8,130.00,0,172,,,,,,,,
Sharjah Cricket Stadium,Afghanistan,Netherlands,Nawroz Mangal,PA van Meekeren,5,0,1,5,0,5.00,2,125.00,1,90,,,,,,,,
Sharjah Cricket Stadium,Afghanistan,Netherlands,Najibullah Zadran,Ahsan Malik,70,6,15,21,2,4.67,8,126.67,5,90,,,,,,,,
Lucknow,Afghanistan,Netherlands,Dawlat Zadran,RN ten Doeschate,111,7,19,53,3,5.84,40,126.67,46,142,,,,,,,,
Delhi,Australia,Netherlands,MC Henriques,DP Nannes,115,5,19,48,3,6.05,10,125.00,46,139,,,,,,,,
Himachal Pradesh Cricket Association Stadium,Bangladesh,Netherlands,Sabbir Rahman,E Schiferli,27,1,5,26,1,5.40,8,127.50,2,153,,,,,,,,
Sportpark Westvliet,Bangladesh,Netherlands,Abdur Razzak,Mudassar Bukhari,124,7,19,38,3,6.53,4,132.50,0,128,,,,,,,,
Eden Gardens,Bangladesh,Netherlands,Abdur Razzak,RN ten Doeschate,168,7,19,50,1,8.84,1,125.00,56,202,,,,,,,,
Hobart,Bangladesh,Netherlands,Mushfiqur Rahim,DP Nannes,186,8,19,18,1,9.79,72,128.33,89,222,,,,,,,,
Lord's,England,Netherlands,LJ Wright,E Schiferli,30,0,4,30,0,7.50,20,130.00,7,162,,,,,,,,
Pune,England,Netherlands,EJG Morgan,null,56,6,19,29,4,2.95,3,131.25,0,58,,,,,,,,
Dubai International Cricket Stadium,Hong Kong,Netherlands,Babar Hayat,MP O'Dowd,98,2,12,22,1,8.17,11,147.00,5,183,,,,,,,,
Bengaluru,India,Netherlands,MS Dhoni,PW Borren,144,7,19,49,4,7.58,76,128.33,1,172,,,,,,,,
Sydney,India,Netherlands,Yuvraj Singh,PM Seelaar,179,9,19,49,2,9.42,83,125.00,99,202,,,,,,,,
Abu Dhabi,Ireland,Netherlands,NG Jones,E Schiferli,96,9,19,28,4,5.05,16,125.00,44,107,,,,,,,,
Abu Dhabi,Namibia,Netherlands,Craig Williams,Mudassar Bukhari,127,5,19,41,4,6.68,50,127.50,15,149,,,,,,,,
Geelong,Namibia,Netherlands, Gerhard Erasmus,null,152,7,19,44,2,8.00,77,125.00,1,155,,,,,,,,
ICC Academy,Scotland,Netherlands,RD Berrington,Ahsan Malik,61,1,8,42,0,7.63,38,126.67,19,165,,,,,,,,
Zahur Ahmed Chowdhury Stadium,South Africa,Netherlands,HM Amla,MR Swart,11,1,2,11,1,5.50,10,125.00,0,145,,,,,,,,
Chennai,Afghanistan,New Zealand,Gulbadin Naib,PW Borren,124,8,19,30,3,6.53,15,126.67,17,142,,,,,,,,
Taunton,Afghanistan,New Zealand,Mohammad Nabi,PM Seelaar,144,6,19,55,0,7.58,38,126.67,21,166,,,,,,,,
Abu Dhabi,Afghanistan,New Zealand,Najibullah Zadran,E Schiferli,121,8,19,47,2,6.37,10,126.67,30,153,,,,,,,,
Sydney Cricket Ground,Australia,New Zealand,MC Henriques,Mudassar Bukhari,138,7,19,43,4,7.26,5,130.00,1,150,,,,,,,,
Dharamsala,Australia,New Zealand,GJ Maxwell,PW Borren,189,6,19,47,4,9.95,13,141.67,0,191,,,,,,,,
Lord's,Australia,New Zealand,GJ Maxwell,PM Seelaar,134,6,19,16,4,7.05,70,126.67,5,135,,,,,,,,
Dubai (DSC),Australia,New Zealand,BJ Haddin,E Schiferli,155,6,19,13,3,8.16,98,125.00,59,187,,,,,,,,
Sydney,Australia,New Zealand,M Klinger,Mudassar Bukhari,152,9,19,41,0,8.00,48,128.33,8,167,,,,,,,,
McLean Park,Bangladesh,New Zealand,Mosaddek Hossain,PW Borren,71,5,12,33,1,5.92,20,125.00,2,141,,,,,,,,
McLean Park,Bangladesh,New Zealand,Mahmudullah,PM Seelaar,101,6,16,30,1,6.31,26,125.00,0,141,,,,,,,,
Chennai,Bangladesh,New Zealand,Abdur Razzak,E Schiferli,158,8,19,53,1,8.32,70,136.67,48,163,,,,,,,,
The Oval,Bangladesh,New Zealand,Mushfiqur Rahim,Mudassar Bukhari,160,6,19,37,1,8.42,60,125.00,49,160,,,,,,,,
Eden Park,England,New Zealand,AD Hales,TA Boult,11,0,1,11,0,11.00,4,136.67,2,214,,,,,,,,
Jade Stadium,England,New Zealand,GP Swann,KD Mills,185,6,19,63,2,9.74,6,125.00,0,193,,,,,,,,
Chester-le-Street,England,New Zealand,SCJ Broad,PW Borren,166,6,19,10,3,8.74,39,125.00,75,192,,,,,,,,
Ahmedabad,England,New Zealand,MM Ali,PM Seelaar,144,6,19,19,4,7.58,25,126.67,73,151,,,,,,,,
Lord's,England,New Zealand,EJG Morgan,E Schiferli,134,6,19,14,3,7.05,65,130.00,10,135,,,,,,,,
Abu Dhabi,England,New Zealand,JE Root,Mudassar Bukhari,115,7,19,18,2,6.05,45,125.00,48,125,,,,,,,,
Brisbane,England,New Zealand,EJG Morgan,PW Borren,78,5,19,30,2,4.11,14,142.50,24,104,,,,,,,,
Manchester,India,New Zealand,RG Sharma,PM Seelaar,144,6,19,19,1,7.58,11,130.00,42,150,,,,,,,,
Wankhede,India,New Zealand,SK Raina,PW Borren,112,5,19,52,1,5.89,42,128.33,48,139,,,,,,,,
Dharamsala,India,New Zealand,MS Dhoni,PM Seelaar,171,6,19,17,4,9.00,107,141.67,14,194,,,,,,,,
Dubai (DSC),India,New Zealand,R Ashwin,E Schiferli,141,9,19,20,4,7.42,85,122.92,37,157,,,,,,,,
Adelaide,Ireland,New Zealand,DT Johnston,Mudassar Bukhari,134,5,19,27,0,7.05,39,141.67,9,158,,,,,,,,
Kingsmead,Kenya,New Zealand,TM Odoyo,SE Bond,6,4,4,6,4,1.50,4,127.50,0,73,,,,,,,,
Sharjah,Namibia,New Zealand, Zane Green,null,146,5,19,11,1,7.68,11,125.00,19,175,,,,,,,,
Zahur Ahmed Chowdhury Stadium,Netherlands,New Zealand,PW Borren,MJ McClenaghan,51,2,9,29,2,5.67,18,132.50,2,151,,,,,,,,
Hyderabad,Netherlands,New Zealand,MR Swart,PW Borren,150,6,19,14,0,7.89,53,122.92,92,178,,,,,,,,
Eden Park,Pakistan,New Zealand,Ahmed Shehzad,TA Boult,1,0,1,1,0,1.00,0,145.83,0,171,,,,,,,,
Eden Park,Pakistan,New Zealand,Ahmed Shehzad,MJ Henry,7,0,2,7,0,3.50,4,125.00,1,171,,,,,,,,
Dubai International Cricket Stadium,Pakistan,New Zealand,Kamran Akmal,TG Southee,21,0,3,21,0,7.00,13,130.00,7,153,,,,,,,,
Pallekele International Cricket Stadium,Pakistan,New Zealand,Mohammad Hafeez,TG Southee,22,0,3,22,0,7.33,11,125.00,9,177,,,,,,,,
Dubai International Cricket Stadium,Pakistan,New Zealand,Imran Nazir,IG Butler,34,0,4,34,0,8.50,19,125.00,13,153,,,,,,,,
Dubai International Cricket Stadium,Pakistan,New Zealand,Shahid Afridi,SB Styris,80,2,11,30,1,7.27,18,128.33,13,153,,,,,,,,
Eden Park,Pakistan,New Zealand,Shahid Afridi,MJ Henry,112,4,15,34,2,7.47,11,110.00,1,171,,,,,,,,
Eden Park,South Africa,New Zealand,HM Amla,TG Southee,16,1,3,16,1,5.33,11,125.00,0,185,,,,,,,,
Eden Park,South Africa,New Zealand,RJ Peterson,DAJ Bracewell,139,7,17,29,4,8.18,6,125.00,1,165,,,,,,,,
St George's Park,South Africa,New Zealand,DA Miller,MJ McClenaghan,132,3,16,59,1,8.25,68,141.67,6,179,,,,,,,,
Eden Park,Sri Lanka,New Zealand,CK Kapugedera,MJ Mason,25,2,3,25,2,8.33,12,110.00,0,115,,,,,,,,
Pallekele International Cricket Stadium,West Indies,New Zealand,MN Samuels,JDP Oram,45,2,5,44,2,9.00,23,125.00,5,139,,,,,,,,
Central Broward Regional Park Stadium Turf Ground,West Indies,New Zealand,CH Gayle,RM Hira,47,1,7,27,1,6.71,13,126.67,11,209,,,,,,,,
Pallekele International Cricket Stadium,West Indies,New Zealand,D Ramdin,RM Hira,101,5,13,35,2,7.77,8,128.33,1,139,,,,,,,,
Central Broward Regional Park Stadium Turf Ground,West Indies,New Zealand,KA Pollard,RJ Nicol,118,2,14,53,1,8.43,47,131.25,15,209,,,,,,,,
Harare Sports Club,Zimbabwe,New Zealand,BRM Taylor,JEC Franklin,73,4,12,33,2,6.08,28,125.00,0,123,,,,,,,,
Harare Sports Club,Zimbabwe,New Zealand,BRM Taylor,DAJ Bracewell,101,5,16,30,2,6.31,43,126.67,1,123,,,,,,,,
Edgbaston,Durham,Northamptonshire,PD Collingwood,GG White,54,4,8,29,3,6.75,22,142.41,2,153,,,,,,,,
County Ground,Middlesex,Northamptonshire,PR Stirling,RK Kleinveldt,16,2,2,16,2,8.00,7,140.00,0,132,,,,,,,,
County Ground,Middlesex,Northamptonshire,PR Stirling,S Prasanna,76,2,11,34,0,6.91,34,128.33,30,132,,,,,,,,
Trent Bridge,Yorkshire,Nottinghamshire,KS Williamson,Imran Tahir,77,2,9,52,1,8.56,24,130.00,6,160,,,,,,,,
Himachal Pradesh Cricket Association Stadium,Ireland,Oman,WTS Porterfield,M Ansari,32,0,5,32,0,6.40,27,122.92,4,154,,,,,,,,
Sharjah Cricket Stadium,Afghanistan,Pakistan,Mirwais Ashraf,Sohail Tanvir,115,6,17,37,2,6.76,11,128.33,2,137,,,,,,,,
Chennai,Afghanistan,Pakistan,Samiullah Shenwari,Sohail Tanvir,133,6,19,49,4,7.00,81,142.50,0,168,,,,,,,,
Leeds,Afghanistan,Pakistan,Najibullah Zadran,Shahid Afridi,144,7,19,37,4,7.58,89,122.92,60,169,,,,,,,,
Dubai (DSC),Afghanistan,Pakistan,Mirwais Ashraf,Mohammad Hafeez,125,9,19,13,0,6.58,12,131.25,27,137,,,,,,,,
New Wanderers Stadium,Australia,Pakistan,AC Gilchrist,Sohail Tanvir,30,1,3,30,1,10.00,24,122.92,1,164,,,,,,,,
"Punjab Cricket Association IS Bindra Stadium, Mohali",Australia,Pakistan,SPD Smith,Mohammad Sami,96,3,12,39,1,8.00,25,125.00,20,193,,,,,,,,
Dubai International Cricket Stadium,Australia,Pakistan,NM Hauritz,Umar Gul,94,6,14,25,3,6.71,11,127.50,2,108,,,,,,,,
"Punjab Cricket Association IS Bindra Stadium, Mohali",Australia,Pakistan,SR Watson,Sohail Tanvir,181,4,19,57,0,9.53,61,126.67,34,193,,,,,,,,
Taunton,Australia,Pakistan,BJ Haddin,Shahid Afridi,110,5,19,33,2,5.79,29,125.00,29,112,,,,,,,,
Dubai (DSC),Australia,Pakistan,MC Henriques,Mohammad Hafeez,56,5,19,24,3,2.95,3,126.67,1,84,,,,,,,,
Newlands,Bangladesh,Pakistan,Tamim Iqbal,Sohail Tanvir,11,0,1,11,0,11.00,8,128.67,1,140,,,,,,,,
Pallekele International Cricket Stadium,Bangladesh,Pakistan,Tamim Iqbal,Sohail Tanvir,9,0,1,9,0,9.00,6,125.00,2,175,,,,,,,,
Newlands,Bangladesh,Pakistan,Tamim Iqbal,Mohammad Asif,15,0,2,15,0,7.50,8,128.67,2,140,,,,,,,,
Lord's,Bangladesh,Pakistan,Mushfiqur Rahim,Sohail Tanvir,181,8,19,46,1,9.53,41,125.00,17,199,,,,,,,,
Eden Gardens,Bangladesh,Pakistan,Sabbir Rahman,Shahid Afridi,179,6,19,43,2,9.42,120,125.00,96,180,,,,,,,,
Adelaide,Bangladesh,Pakistan,Shakib Al Hasan,Mohammad Hafeez,158,6,19,25,0,8.32,48,125.00,33,193,,,,,,,,
Dubai International Cricket Stadium,England,Pakistan,JJ Roy,Sohail Tanvir,6,0,1,6,0,6.00,4,142.50,1,160,,,,,,,,
Sharjah Cricket Stadium,England,Pakistan,JE Root,Sohail Tanvir,5,1,1,5,1,5.00,2,131.25,1,154,,,,,,,,
Kennington Oval,England,Pakistan,KP Pietersen,Shoaib Malik,64,2,6,55,1,10.67,21,125.00,0,185,,,,,,,,
Dubai International Cricket Stadium,England,Pakistan,JM Vince,Shoaib Malik,59,2,8,36,2,7.38,9,136.67,8,172,,,,,,,,
Dubai International Cricket Stadium,England,Pakistan,JM Vince,Wahab Riaz,79,3,11,32,2,7.18,13,142.50,3,172,,,,,,,,
Old Trafford,England,Pakistan,AD Hales,Sohail Tanvir,40,0,5,40,0,8.00,23,125.00,15,135,,,,,,,,
Dubai International Cricket Stadium,England,Pakistan,EJG Morgan,Umar Gul,125,3,18,36,2,6.94,9,125.00,2,148,,,,,,,,
Eden Gardens,England,Pakistan,AD Mascarenhas,Sohail Tanvir,145,9,19,15,4,7.63,10,141.67,69,154,,,,,,,,
Nottingham,England,Pakistan,JC Buttler,Shahid Afridi,125,8,19,49,2,6.58,29,136.67,33,156,,,,,,,,
Melbourne,England,Pakistan,EJG Morgan,Mohammad Hafeez,112,9,19,12,4,5.89,59,142.50,41,148,,,,,,,,
Kingsmead,India,Pakistan,MS Dhoni,Sohail Tanvir,65,4,10,37,1,6.50,37,132.50,6,141,,,,,,,,
New Wanderers Stadium,India,Pakistan,Yuvraj Singh,Umar Gul,83,2,11,41,0,7.55,45,127.50,10,157,,,,,,,,
New Wanderers Stadium,India,Pakistan,MS Dhoni,Umar Gul,111,3,15,41,1,7.40,62,125.00,6,157,,,,,,,,
Manchester,India,Pakistan,DS Kulkarni,Sohail Tanvir,173,9,19,11,4,9.11,5,141.67,0,204,,,,,,,,
Ahmedabad,India,Pakistan,JC Buttler,Shahid Afridi,128,5,19,32,2,6.74,13,125.00,47,155,,,,,,,,
Dubai (DSC),India,Pakistan,MS Dhoni,Mohammad Hafeez,121,8,19,31,0,6.37,39,130.00,11,128,,,,,,,,
Melbourne,India,Pakistan,YK Pathan,Sohail Tanvir,152,6,19,41,2,8.00,41,126.67,51,156,,,,,,,,
Abu Dhabi,Namibia,Pakistan,Craig Williams,Sohail Tanvir,189,5,19,26,4,9.95,83,126.67,54,212,,,,,,,,
Hyderabad,Netherlands,Pakistan,W Barresi,Shahid Afridi,170,5,19,33,2,8.95,109,127.50,34,197,,,,,,,,
Perth,Netherlands,Pakistan,W Barresi,Mohammad Hafeez,171,6,19,50,0,9.00,25,126.67,100,198,,,,,,,,
Seddon Park,New Zealand,Pakistan,JEC Franklin,Shoaib Akhtar,2,1,1,2,1,2.00,1,128.33,0,185,,,,,,,,
"Kensington Oval, Bridgetown",New Zealand,Pakistan,MJ Guptill,Abdur Rehman,35,1,4,35,1,8.75,18,126.67,0,133,,,,,,,,
Newlands,New Zealand,Pakistan,BB McCullum,Shahid Afridi,42,0,6,39,0,7.00,24,142.41,15,143,,,,,,,,
Seddon Park,New Zealand,Pakistan,JEC Franklin,Wahab Riaz,42,1,5,42,0,8.40,27,127.50,8,185,,,,,,,,
Seddon Park,New Zealand,Pakistan,JEC Franklin,Wahab Riaz,43,1,5,43,0,8.60,27,122.92,8,185,,,,,,,,
"Kensington Oval, Bridgetown",New Zealand,Pakistan,DL Vettori,Saeed Ajmal,123,6,19,25,2,6.47,35,128.33,5,133,,,,,,,,
Dubai International Cricket Stadium,New Zealand,Pakistan,CJ Anderson,Mohammad Irfan,101,4,14,41,1,7.21,46,125.00,13,135,,,,,,,,
Dubai International Cricket Stadium,New Zealand,Pakistan,TWM Latham,Shahid Afridi,79,4,13,25,2,6.08,16,125.00,0,144,,,,,,,,
"Punjab Cricket Association IS Bindra Stadium, Mohali",New Zealand,Pakistan,CJ Anderson,Shahid Afridi,128,3,15,47,1,8.53,17,128.33,0,180,,,,,,,,
Bengaluru,New Zealand,Pakistan,JDP Oram,Sohail Tanvir,128,7,19,43,4,6.74,14,130.00,46,142,,,,,,,,
Birmingham,New Zealand,Pakistan,TWM Latham,Shahid Afridi,153,7,19,50,1,8.05,33,125.00,13,178,,,,,,,,
Sharjah,New Zealand,Pakistan,CJ Anderson,Mohammad Hafeez,101,9,19,36,3,5.32,47,126.67,12,103,,,,,,,,
Sydney,New Zealand,Pakistan,LRPL Taylor,Mohammad Hafeez,182,7,19,28,4,9.59,81,141.67,42,199,,,,,,,,
Dubai International Cricket Stadium,South Africa,Pakistan,Q de Kock,Abdul Razzaq,6,0,1,6,0,6.00,5,125.00,0,150,,,,,,,,
Dubai International Cricket Stadium,South Africa,Pakistan,AB de Villiers,Mohammad Hafeez,116,2,15,48,1,7.73,35,130.00,0,150,,,,,,,,
Sheikh Zayed Stadium,Sri Lanka,Pakistan,TM Dilshan,Sohail Tanvir,5,0,1,5,0,5.00,2,125.00,0,141,,,,,,,,
Sheikh Zayed Stadium,Sri Lanka,Pakistan,TM Dilshan,Sohail Tanvir,6,0,1,6,0,6.00,2,126.67,0,141,,,,,,,,
Dubai International Cricket Stadium,Sri Lanka,Pakistan,TM Dilshan,Usman Khan,17,0,2,17,0,8.50,13,125.00,2,211,,,,,,,,
Sheikh Zayed Stadium,Sri Lanka,Pakistan,LD Chandimal,Shahid Afridi,79,2,8,48,1,9.88,23,136.67,4,141,,,,,,,,
Dubai International Cricket Stadium,Sri Lanka,Pakistan,LD Chandimal,Shahid Afridi,45,2,7,33,1,6.43,18,125.00,1,145,,,,,,,,
Lord's,Sri Lanka,Pakistan,AD Mathews,Umar Gul,75,6,14,27,2,5.36,36,110.00,2,138,,,,,,,,
Maple Leaf North-West Ground,Sri Lanka,Pakistan,SHT Kandamby,Umar Gul,99,3,14,28,1,7.07,23,147.00,6,137,,,,,,,,
Sheikh Zayed Stadium,Sri Lanka,Pakistan,MDK Perera,Umar Gul,141,8,19,30,5,7.42,1,125.00,0,141,,,,,,,,
R Premadasa Stadium,Sri Lanka,Pakistan,BMAJ Mendis,Saeed Ajmal,118,4,18,27,2,6.56,15,141.67,0,139,,,,,,,,
Dubai International Cricket Stadium,Sri Lanka,Pakistan,HDRL Thirimanne,Sohail Tanvir,98,4,16,30,1,6.13,24,125.00,4,145,,,,,,,,
Shere Bangla National Stadium,West Indies,Pakistan,CH Gayle,Sohail Tanvir,5,0,1,5,0,5.00,4,130.00,0,166,,,,,,,,
"Queen's Park Oval, Port of Spain",West Indies,Pakistan,CAK Walton,Hasan Ali,7,0,1,7,0,7.00,5,110.00,1,124,,,,,,,,
"Kensington Oval, Bridgetown",West Indies,Pakistan,KA Pollard,Wahab Riaz,39,4,8,21,3,4.88,1,127.50,0,111,,,,,,,,
"Arnos Vale Ground, Kingstown",West Indies,Pakistan,KA Pollard,Saeed Ajmal,113,5,17,35,1,6.65,36,122.92,5,152,,,,,,,,
Dubai International Cricket Stadium,West Indies,Pakistan,DJ Bravo,Wahab Riaz,92,8,16,44,0,5.75,43,126.67,12,115,,,,,,,,
Dubai International Cricket Stadium,West Indies,Pakistan,DJ Bravo,Sohail Tanvir,113,8,19,43,0,5.95,54,125.00,21,115,,,,,,,,
Gaddafi Stadium,Zimbabwe,Pakistan,E Chigumbura,Wahab Riaz,143,5,17,43,2,8.41,33,140.00,0,172,,,,,,,,
Gaddafi Stadium,Zimbabwe,Pakistan,E Chigumbura,Wahab Riaz,144,5,17,44,1,8.47,33,130.00,0,172,,,,,,,,
"The Village, Malahide",Nepal,Papua New Guinea,S Vesawkar,N Vanua,73,4,14,18,1,5.21,11,125.00,5,93,,,,,,,,
Sawai Mansingh Stadium,Pune Warriors,Rajasthan Royals,RV Uthappa,SR Watson,31,0,3,31,0,10.33,16,126.67,13,178,,,,,,,,
Sawai Mansingh Stadium,Pune Warriors,Rajasthan Royals,AJ Finch,KK Cooper,55,0,5,52,0,11.00,25,128.33,23,178,,,,,,,,
Sawai Mansingh Stadium,Pune Warriors,Rajasthan Royals,RV Uthappa,STR Binny,67,0,7,42,0,9.57,32,125.00,27,178,,,,,,,,
M Chinnaswamy Stadium,Rising Pune Supergiant,Royal Challengers Bangalore,AM Rahane,P Negi,56,0,6,48,0,9.33,26,130.00,24,161,,,,,,,,
M Chinnaswamy Stadium,Rising Pune Supergiants,Royal Challengers Bangalore,SS Tiwary,SR Watson,83,1,9,46,0,9.22,35,125.00,31,191,,,,,,,,
Sharjah Cricket Stadium,Afghanistan,Scotland,Mohammad Shahzad,I Wardlaw,8,0,1,8,0,8.00,6,125.00,1,171,,,,,,,,
"Grange Cricket Club Ground, Raeburn Place",Afghanistan,Scotland,Asghar Stanikzai,CD de Lange,70,1,7,63,0,10.00,50,125.00,17,210,,,,,,,,
Sharjah Cricket Stadium,Afghanistan,Scotland,Gulbadin Naib,I Wardlaw,149,4,16,49,1,9.31,24,125.00,1,171,,,,,,,,
Sharjah,Afghanistan,Scotland,Najibullah Zadran,JAR Blain,163,9,19,10,4,8.58,80,127.50,93,193,,,,,,,,
Al Amerat,Bangladesh,Scotland,Sabbir Rahman,JD Nel,148,5,19,39,0,7.79,36,128.33,84,163,,,,,,,,
"Civil Service Cricket Club, Stormont",Bermuda,Scotland,SD Outerbridge,RR Watson,46,3,10,29,2,4.60,20,126.67,3,99,,,,,,,,
Dubai (DSC),India,Scotland,MM Ali,JAR Blain,144,8,19,24,2,7.58,90,127.50,3,149,,,,,,,,
Dubai International Cricket Stadium,Ireland,Scotland,KJ O'Brien,JD Nel,53,3,6,45,1,8.83,19,125.00,1,159,,,,,,,,
Dubai International Cricket Stadium,Ireland,Scotland,AR White,GD Drummond,87,4,13,24,1,6.69,10,131.25,10,136,,,,,,,,
Hobart,Ireland,Scotland,AR White,JAR Blain,153,5,19,23,0,8.05,39,125.00,95,168,,,,,,,,
Abu Dhabi,Namibia,Scotland, Gerhard Erasmus,JD Nel,168,8,19,50,1,8.84,57,141.67,87,175,,,,,,,,
Dubai (DSC),New Zealand,Scotland,LRPL Taylor,JAR Blain,163,5,19,18,3,8.58,106,128.33,87,189,,,,,,,,
Kingsmead,Pakistan,Scotland,Mohammad Hafeez,DR Brown,25,2,5,25,2,5.00,7,141.67,0,171,,,,,,,,
Kingsmead,Pakistan,Scotland,Misbah-ul-Haq,DR Brown,125,6,16,52,3,7.81,7,142.50,3,171,,,,,,,,
Sharjah,Pakistan,Scotland,Mohammad Hafeez,DR Brown,144,6,19,46,1,7.58,39,125.00,10,173,,,,,,,,
Kennington Oval,South Africa,Scotland,JH Kallis,JH Stander,32,0,4,32,0,8.00,22,128.33,9,211,,,,,,,,
Kennington Oval,South Africa,Scotland,JA Morkel,GA Rogers,129,3,15,41,1,8.60,23,125.00,2,211,,,,,,,,
Lord's,Middlesex,Somerset,JA Simpson,L Gregory,58,3,7,31,3,8.29,31,130.00,14,92,,,,,,,,
County Ground,Sussex,Somerset,LJ Wright,RE van der Merwe,133,0,12,67,0,11.08,65,125.00,61,222,,,,,,,,
Ahmedabad,Afghanistan,South Africa,Dawlat Zadran,M Zondeki,150,7,19,55,1,7.89,100,141.67,32,169,,,,,,,,
Cardiff,Afghanistan,South Africa,Mohammad Nabi,SM Pollock,184,5,19,54,0,9.68,41,141.67,44,197,,,,,,,,
New Wanderers Stadium,Australia,South Africa,MJ Clarke,M Ntini,3,0,1,3,0,3.00,1,131.25,1,166,,,,,,,,
New Wanderers Stadium,Australia,South Africa,MS Wade,SM Pollock,8,1,3,8,1,2.67,3,128.33,1,147,,,,,,,,
New Wanderers Stadium,Australia,South Africa,SE Marsh,M Ntini,29,2,6,26,2,4.83,14,141.67,0,147,,,,,,,,
Lucknow,Australia,South Africa,GJ Maxwell,JJ van der Wath,131,7,19,53,3,6.89,13,126.67,58,165,,,,,,,,
Manchester,Australia,South Africa,M Klinger,M Morkel,179,8,19,54,4,9.42,104,128.33,104,181,,,,,,,,
Eden Gardens,Australia,South Africa,JW Hastings,JJ van der Wath,163,7,19,46,1,8.58,46,126.67,53,178,,,,,,,,
Abu Dhabi,Australia,South Africa,JW Hastings,M Morkel,101,9,19,39,2,5.32,45,131.25,24,131,,,,,,,,
Newlands,Bangladesh,South Africa,Shakib Al Hasan,JA Morkel,77,4,7,53,2,11.00,19,136.21,3,144,,,,,,,,
The Oval,Bangladesh,South Africa,Mushfiqur Rahim,JJ van der Wath,144,6,19,32,1,7.58,90,126.67,90,171,,,,,,,,
Wankhede,Bangladesh,South Africa,Abdur Razzak,M Morkel,163,7,19,53,2,8.58,74,122.92,1,173,,,,,,,,
Abu Dhabi,Bangladesh,South Africa,Nasir Hossain,JJ van der Wath,107,7,19,47,3,5.63,45,125.00,39,121,,,,,,,,
Sydney,Bangladesh,South Africa,Mahmudullah,M Morkel,167,6,19,30,1,8.79,43,125.00,74,181,,,,,,,,
"Kensington Oval, Bridgetown",England,South Africa,C Kieswetter,JA Morkel,18,1,2,18,1,9.00,8,141.67,6,168,,,,,,,,
Newlands,England,South Africa,JC Buttler,CH Morris,111,7,17,30,2,6.53,19,125.00,1,134,,,,,,,,
New Wanderers Stadium,England,South Africa,AU Rashid,K Rabada,167,9,19,36,6,8.79,0,125.00,0,171,,,,,,,,
The Oval,England,South Africa,AD Mascarenhas,M Zondeki,141,7,19,29,4,7.42,17,141.67,54,155,,,,,,,,
Wankhede,England,South Africa,JC Buttler,SM Pollock,121,5,19,37,4,6.37,10,127.50,17,124,,,,,,,,
Sharjah,England,South Africa,JC Buttler,M Ntini,190,6,19,22,2,10.00,64,128.33,87,202,,,,,,,,
Kingsmead,India,South Africa,G Gambhir,SM Pollock,4,0,1,4,0,4.00,3,126.67,0,153,,,,,,,,
Himachal Pradesh Cricket Association Stadium,India,South Africa,S Dhawan,M Ntini,5,0,1,5,0,5.00,4,125.00,0,199,,,,,,,,
"Beausejour Stadium, Gros Islet",India,South Africa,KD Karthik,JJ van der Wath,10,1,2,10,1,5.00,4,131.25,4,186,,,,,,,,
"Beausejour Stadium, Gros Islet",India,South Africa,SK Raina,M Morkel,22,1,4,22,1,5.50,14,125.00,5,186,,,,,,,,
R Premadasa Stadium,India,South Africa,RG Sharma,JJ van der Wath,73,4,11,36,1,6.64,14,126.67,1,152,,,,,,,,
Himachal Pradesh Cricket Association Stadium,India,South Africa,V Kohli,M Morkel,33,1,5,33,1,6.60,24,131.25,3,199,,,,,,,,
Moses Mabhida Stadium,India,South Africa,SK Raina,JA Morkel,158,5,19,40,1,8.32,33,126.67,8,168,,,,,,,,
Barabati Stadium,India,South Africa,R Ashwin,CH Morris,92,9,17,23,2,5.41,11,130.00,0,92,,,,,,,,
Eden Gardens,India,South Africa,SK Raina,M Zondeki,127,8,19,36,4,6.68,7,126.67,31,157,,,,,,,,
Southampton,India,South Africa,MS Dhoni,SM Pollock,185,5,19,28,3,9.74,68,128.33,127,186,,,,,,,,
Perth,India,South Africa,JE Root,M Ntini,139,5,19,26,0,7.32,27,125.00,54,155,,,,,,,,
Dharamsala,Netherlands,South Africa,MR Swart,SM Pollock,96,8,19,28,2,5.05,33,125.00,20,112,,,,,,,,
Adelaide,Netherlands,South Africa,MR Swart,M Ntini,122,9,19,39,1,6.42,58,126.67,50,137,,,,,,,,
Kingsmead,New Zealand,South Africa,RJ Nicol,JJ van der Wath,6,0,1,6,0,6.00,4,125.00,1,86,,,,,,,,
New Wanderers Stadium,New Zealand,South Africa,BB McCullum,M Morkel,8,0,2,8,0,4.00,4,126.67,3,129,,,,,,,,
Kingsmead,New Zealand,South Africa,BB McCullum,JJ van der Wath,60,0,7,53,0,8.57,36,128.33,21,153,,,,,,,,
New Wanderers Stadium,New Zealand,South Africa,L Vincent,M Morkel,35,2,5,33,2,7.00,10,122.92,0,129,,,,,,,,
Kingsmead,New Zealand,South Africa,MJ Guptill,JA Morkel,96,1,11,36,1,8.73,39,125.00,14,151,,,,,,,,
Pune,New Zealand,South Africa,CJ Anderson,M Ntini,155,6,19,22,1,8.16,103,142.50,74,160,,,,,,,,
Birmingham,New Zealand,South Africa,DL Vettori,M Morkel,138,7,19,10,0,7.26,71,126.67,67,171,,,,,,,,
"Beausejour Stadium, Gros Islet",Pakistan,South Africa,Umar Akmal,J Botha,38,3,8,24,2,4.75,16,140.00,9,148,,,,,,,,
Sheikh Zayed Stadium,Pakistan,South Africa,Abdul Razzaq,J Botha,86,5,13,32,2,6.62,5,127.50,1,119,,,,,,,,
Lord's,Pakistan,South Africa,Misbah-ul-Haq,M Ntini,127,8,19,23,1,6.68,34,141.67,69,157,,,,,,,,
Chennai,Pakistan,South Africa,Shahid Afridi,M Morkel,152,8,19,39,0,8.00,76,125.00,22,156,,,,,,,,
Sydney,Pakistan,South Africa,Misbah-ul-Haq,M Morkel,189,7,19,14,0,9.94,29,125.00,115,216,,,,,,,,
Zahur Ahmed Chowdhury Stadium,Sri Lanka,South Africa,MDKJ Perera,LL Tsotsobe,18,1,1,18,1,18.00,15,140.00,0,165,,,,,,,,
Feroz Shah Kotla,Sri Lanka,South Africa,LD Chandimal,KJ Abbott,6,0,1,6,0,6.00,5,120.00,0,120,,,,,,,,
Zahur Ahmed Chowdhury Stadium,Sri Lanka,South Africa,AD Mathews,M Morkel,149,5,18,43,2,8.28,37,125.00,6,165,,,,,,,,
New Wanderers Stadium,West Indies,South Africa,DS Smith,JA Morkel,94,0,9,50,0,10.44,57,131.25,27,205,,,,,,,,
New Wanderers Stadium,West Indies,South Africa,DJG Sammy,M Ntini,99,6,17,41,2,5.82,23,125.00,1,131,,,,,,,,
"Mahinda Rajapaksa International Cricket Stadium, Sooriyawewa",Zimbabwe,South Africa,P Utseya,M Morkel,62,6,14,17,3,4.43,28,141.67,1,93,,,,,,,,
Eden Gardens,Afghanistan,Sri Lanka,Mohammad Shahzad,KMDN Kulasekara,4,0,1,4,0,4.00,2,125.00,1,153,,,,,,,,
Cardiff,Afghanistan,Sri Lanka,Mohammad Nabi,ST Jayasuriya,84,7,19,15,2,4.42,17,141.67,12,100,,,,,,,,
Pune,Afghanistan,Sri Lanka,Usman Ghani,WPUJC Vaas,179,8,19,47,4,9.42,12,126.67,97,201,,,,,,,,
Brisbane,Afghanistan,Sri Lanka,Mohammad Nabi,null,147,7,19,24,2,7.74,51,126.67,51,151,,,,,,,,
"Kensington Oval, Bridgetown",Australia,Sri Lanka,DA Warner,UWMBCA Welegedara,3,1,1,3,1,3.00,1,142.41,0,168,,,,,,,,
Pallekele International Cricket Stadium,Australia,Sri Lanka,GJ Maxwell,RAS Lakmal,4,0,1,4,0,4.00,2,111.00,1,263,,,,,,,,
"Simonds Stadium, South Geelong",Australia,Sri Lanka,M Klinger,KMDN Kulasekara,8,0,1,8,0,8.00,4,96.00,2,173,,,,,,,,
Adelaide Oval,Australia,Sri Lanka,AJ Finch,KMDN Kulasekara,2,0,1,2,0,2.00,1,100.00,0,187,,,,,,,,
"Simonds Stadium, South Geelong",Australia,Sri Lanka,M Klinger,KMDN Kulasekara,19,1,3,19,1,6.33,4,125.00,0,173,,,,,,,,
Trent Bridge,Australia,Sri Lanka,MJ Clarke,SL Malinga,71,3,10,24,2,7.10,15,141.67,5,159,,,,,,,,
Adelaide Oval,Australia,Sri Lanka,BR Dunk,DAS Gunaratne,83,1,9,43,1,9.22,24,141.67,1,187,,,,,,,,
Western Australia Cricket Association Ground,Australia,Sri Lanka,JW Hastings,SL Malinga,111,7,18,43,2,6.17,1,141.67,0,133,,,,,,,,
Adelaide Oval,Australia,Sri Lanka,M Klinger,SL Malinga,148,2,16,47,1,9.25,53,125.00,7,187,,,,,,,,
The Oval,Australia,Sri Lanka,MC Henriques,ST Jayasuriya,151,9,19,27,2,7.95,39,141.67,16,187,,,,,,,,
Lucknow,Australia,Sri Lanka,M Klinger,WPUJC Vaas,189,5,19,30,1,9.95,93,128.33,83,192,,,,,,,,
Dubai (DSC),Australia,Sri Lanka,GJ Maxwell,ST Jayasuriya,110,8,19,29,1,5.79,27,125.00,9,138,,,,,,,,
Perth,Australia,Sri Lanka,M Klinger,WPUJC Vaas,190,5,19,43,4,10.00,69,141.67,12,221,,,,,,,,
R Premadasa Stadium,Bangladesh,Sri Lanka,Soumya Sarkar,KMDN Kulasekara,29,1,3,29,1,9.67,12,141.67,6,155,,,,,,,,
Zahur Ahmed Chowdhury Stadium,Bangladesh,Sri Lanka,Farhad Reza,BAW Mendis,67,6,12,20,2,5.58,6,127.50,4,120,,,,,,,,
Zahur Ahmed Chowdhury Stadium,Bangladesh,Sri Lanka,Sabbir Rahman,SL Malinga,115,8,19,39,2,6.05,25,142.50,1,120,,,,,,,,
Delhi,Bangladesh,Sri Lanka,Shakib Al Hasan,ST Jayasuriya,190,5,19,25,3,10.00,93,126.67,76,223,,,,,,,,
Sharjah,Bangladesh,Sri Lanka,Nasir Hossain,WPUJC Vaas,111,8,19,12,1,5.84,31,130.00,18,111,,,,,,,,
County Ground,England,Sri Lanka,KP Pietersen,S Randiv,45,2,7,38,1,6.43,21,130.00,17,136,,,,,,,,
Feroz Shah Kotla,England,Sri Lanka,EJG Morgan,NLTC Perera,100,3,15,35,1,6.67,22,125.00,5,171,,,,,,,,
Feroz Shah Kotla,England,Sri Lanka,JC Buttler,PVD Chameera,147,3,18,56,0,8.17,51,141.67,20,171,,,,,,,,
Leeds,England,Sri Lanka,GP Swann,ST Jayasuriya,120,6,19,36,0,6.32,54,128.33,17,132,,,,,,,,
Bengaluru,England,Sri Lanka,JC Buttler,WPUJC Vaas,186,9,19,16,0,9.79,14,125.00,131,201,,,,,,,,
Sharjah,England,Sri Lanka,AU Rashid,ST Jayasuriya,134,9,19,14,1,7.05,54,125.00,45,165,,,,,,,,
Sydney,England,Sri Lanka,JE Root,WPUJC Vaas,185,9,19,39,0,9.74,41,126.67,76,220,,,,,,,,
Maharashtra Cricket Association Stadium,India,Sri Lanka,SK Raina,CAK Rajitha,6,2,2,6,2,3.00,0,130.00,0,101,,,,,,,,
Maharashtra Cricket Association Stadium,India,Sri Lanka,SK Raina,SMSM Senanayake,44,3,7,36,1,6.29,16,142.50,8,101,,,,,,,,
"Beausejour Stadium, Gros Islet",India,Sri Lanka,MS Dhoni,T Thushara,120,2,14,38,1,8.57,49,125.00,11,163,,,,,,,,
"Beausejour Stadium, Gros Islet",India,Sri Lanka,MS Dhoni,NLTC Perera,135,2,16,38,0,8.44,57,126.67,17,163,,,,,,,,
"Beausejour Stadium, Gros Islet",India,Sri Lanka,SK Raina,T Thushara,140,2,17,33,0,8.24,59,125.00,19,163,,,,,,,,
Wankhede,India,Sri Lanka,AU Rashid,SL Malinga,146,6,19,12,2,7.68,30,130.00,71,181,,,,,,,,
Leeds,India,Sri Lanka,MS Dhoni,SL Malinga,111,6,19,19,3,5.84,44,127.50,15,124,,,,,,,,
Abu Dhabi,Ireland,Sri Lanka,JF Mooney,G Wijekoon,166,9,19,15,4,8.74,87,141.67,43,187,,,,,,,,
Hobart,Ireland,Sri Lanka,DT Johnston,AD Mathews,132,8,19,34,0,6.95,8,125.00,62,158,,,,,,,,
Abu Dhabi,Namibia,Sri Lanka, Gerhard Erasmus,ST Jayasuriya,145,7,19,45,4,7.63,14,122.92,33,170,,,,,,,,
Geelong,Namibia,Sri Lanka, Zane Green,SL Malinga,144,6,19,49,3,7.58,56,141.67,20,164,,,,,,,,
Lucknow,Netherlands,Sri Lanka,MR Swart,SL Malinga,146,7,19,46,3,7.68,89,125.00,84,161,,,,,,,,
Geelong,Netherlands,Sri Lanka,MR Swart,G Wijekoon,128,7,19,46,3,6.74,13,126.67,62,152,,,,,,,,
Sharjah,Netherlands,Sri Lanka,W Barresi,AD Mathews,111,9,19,51,0,5.84,40,141.67,30,113,,,,,,,,
Pallekele International Cricket Stadium,New Zealand,Sri Lanka,RJ Nicol,ST Jayasuriya,5,0,2,5,0,2.50,2,136.21,2,174,,,,,,,,
Central Broward Regional Park Stadium Turf Ground,New Zealand,Sri Lanka,DL Vettori,BAW Mendis,35,5,8,26,1,4.38,13,128.33,12,81,,,,,,,,
Central Broward Regional Park Stadium Turf Ground,New Zealand,Sri Lanka,DL Vettori,BAW Mendis,52,5,10,37,0,5.20,25,142.41,16,81,,,,,,,,
R Premadasa Stadium,New Zealand,Sri Lanka,JDP Oram,ST Jayasuriya,95,3,14,36,1,6.79,35,122.92,4,141,,,,,,,,
Central Broward Regional Park Stadium Turf Ground,New Zealand,Sri Lanka,DL Vettori,NLTC Perera,73,4,13,29,2,5.62,24,125.00,1,120,,,,,,,,
Pallekele International Cricket Stadium,New Zealand,Sri Lanka,LRPL Taylor,KMDN Kulasekara,150,3,17,51,1,8.82,19,125.00,2,174,,,,,,,,
Bengaluru,New Zealand,Sri Lanka,C Munro,SL Malinga,132,9,19,27,1,6.95,11,130.00,47,137,,,,,,,,
Cardiff,New Zealand,Sri Lanka,LRPL Taylor,SL Malinga,160,8,19,17,1,8.42,55,126.67,10,180,,,,,,,,
Sydney,New Zealand,Sri Lanka,DL Vettori,G Wijekoon,186,5,19,17,0,9.77,59,126.67,62,194,,,,,,,,
R Premadasa Stadium,Pakistan,Sri Lanka,Ahmed Shehzad,AD Mathews,7,0,1,7,0,7.00,2,145.83,2,175,,,,,,,,
"Mahinda Rajapaksa International Cricket Stadium, Sooriyawewa",Pakistan,Sri Lanka,Mohammad Hafeez,BAW Mendis,41,3,10,23,1,4.10,24,141.67,2,122,,,,,,,,
Hyderabad,Pakistan,Sri Lanka,Umar Akmal,ST Jayasuriya,125,5,19,21,3,6.58,69,141.67,28,136,,,,,,,,
"Mahinda Rajapaksa International Cricket Stadium, Sooriyawewa",South Africa,Sri Lanka,F du Plessis,KMDN Kulasekara,10,1,2,10,1,5.00,4,126.67,2,163,,,,,,,,
"Mahinda Rajapaksa International Cricket Stadium, Sooriyawewa",South Africa,Sri Lanka,AB de Villiers,SL Malinga,51,2,5,49,2,10.20,16,142.50,13,78,,,,,,,,
New Wanderers Stadium,South Africa,Sri Lanka,WD Parnell,PADLR Sandakan,72,5,11,29,2,6.55,4,145.83,2,113,,,,,,,,
"Mahinda Rajapaksa International Cricket Stadium, Sooriyawewa",South Africa,Sri Lanka,WD Parnell,SL Malinga,135,6,19,42,2,7.11,6,142.41,1,145,,,,,,,,
Delhi,South Africa,Sri Lanka,VD Philander,BAW Mendis,107,7,19,36,1,5.63,57,142.50,36,122,,,,,,,,
Chester-le-Street,South Africa,Sri Lanka,MV Boucher,BAW Mendis,152,5,19,22,3,8.00,28,131.25,77,156,,,,,,,,
Sharjah,South Africa,Sri Lanka,JA Morkel,ST Jayasuriya,179,9,19,47,4,9.42,36,130.00,6,206,,,,,,,,
"Rajiv Gandhi International Stadium, Uppal",Rising Pune Supergiant,Sunrisers Hyderabad,SPD Smith,A Nehra,25,1,5,25,1,5.00,13,128.33,10,148,,,,,,,,
Kennington Oval,Sussex,Surrey,LJ Wright,CH Morris,28,0,4,28,0,7.00,18,125.00,7,153,,,,,,,,
Arundel Castle Cricket Club Ground,Gloucestershire,Sussex,HJH Marshall,CD Nash,103,1,12,49,0,8.58,59,128.33,35,184,,,,,,,,
Sydney Cricket Ground,Adelaide Strikers,Sydney Sixers,RN ten Doeschate,SA Abbott,92,2,10,27,1,9.20,46,128.33,0,182,,,,,,,,
Sydney Showground Stadium,Adelaide Strikers,Sydney Thunder,DPMD Jayawardene,GS Sandhu,5,2,3,5,2,1.67,2,125.00,0,117,,,,,,,,
Stadium Australia,Adelaide Strikers,Sydney Thunder,TP Ludeman,CP Tremain,40,0,5,37,0,8.00,23,122.92,13,177,,,,,,,,
Sydney Showground Stadium,Adelaide Strikers,Sydney Thunder,BJ Hodge,Fawad Ahmed,55,1,7,40,1,7.86,30,131.25,10,178,,,,,,,,
Western Australia Cricket Association Ground,Perth Scorchers,Sydney Thunder,IR Bell,Fawad Ahmed,99,2,12,46,1,8.25,41,126.67,2,177,,,,,,,,
Geelong,Namibia,U.A.E., Zane Green,null,112,8,19,53,4,5.89,38,126.67,12,117,,,,,,,,
Geelong,Netherlands,U.A.E.,W Barresi,null,150,6,19,48,3,7.89,11,125.00,38,179,,,,,,,,
Geelong,Sri Lanka,U.A.E.,AD Mathews,null,168,8,19,40,0,8.84,23,130.00,4,202,,,,,,,,
ICC Academy,Afghanistan,United Arab Emirates,Usman Ghani,Rohan Mustafa,127,3,14,43,2,9.07,18,141.67,12,189,,,,,,,,
Khan Shaheb Osman Ali Stadium,Hong Kong,United Arab Emirates,Babar Hayat,Rohan Mustafa,76,2,10,46,0,7.60,41,125.00,20,146,,,,,,,,
Dubai International Cricket Stadium,Ireland,United Arab Emirates,GJ Thompson,Zahoor Khan,132,5,17,40,2,7.76,10,126.67,2,160,,,,,,,,
Sheikh Zayed Stadium,Papua New Guinea,United Arab Emirates,TP Ura,Amjad Javed,38,0,5,38,0,7.60,25,125.00,12,128,,,,,,,,
"Warner Park, Basseterre",Afghanistan,West Indies,Noor Ali Zadran,JE Taylor,15,1,2,15,1,7.50,13,145.83,0,146,,,,,,,,
"Warner Park, Basseterre",Afghanistan,West Indies,Shafiqullah,SP Narine,102,4,15,40,1,6.80,6,125.00,1,146,,,,,,,,
Leeds,Afghanistan,West Indies,Shafiqullah,KAJ Roach,158,7,19,52,2,8.32,46,130.00,43,182,,,,,,,,
"Kensington Oval, Bridgetown",Australia,West Indies,SE Marsh,KAJ Roach,49,0,5,49,0,9.80,29,125.00,16,97,,,,,,,,
Nottingham,Australia,West Indies,NM Hauritz,FH Edwards,78,5,19,14,1,4.11,3,125.00,16,99,,,,,,,,
Abu Dhabi,Australia,West Indies,SR Watson,LS Baker,166,5,19,18,1,8.74,31,142.50,1,194,,,,,,,,
"Warner Park, Basseterre",Bangladesh,West Indies,Mahmudullah,FH Edwards,72,7,12,22,3,6.00,6,125.00,1,118,,,,,,,,
"Warner Park, Basseterre",Bangladesh,West Indies,Mahmudullah,KAJ Roach,73,7,12,23,3,6.08,6,145.83,1,118,,,,,,,,
Taunton,Bangladesh,West Indies,Sabbir Rahman,KAJ Roach,128,8,19,46,2,6.74,50,125.00,67,160,,,,,,,,
Sharjah,Bangladesh,West Indies,Sabbir Rahman,FH Edwards,125,7,19,47,3,6.58,73,122.92,13,126,,,,,,,,
Wankhede Stadium,England,West Indies,JE Root,LS Baker,82,1,10,36,0,8.20,29,128.33,27,182,,,,,,,,
Eden Gardens,England,West Indies,JE Root,KAJ Roach,111,6,14,52,3,7.93,54,142.50,0,155,,,,,,,,
Southampton,England,West Indies,GP Swann,KAJ Roach,167,7,19,18,0,8.79,95,130.00,38,197,,,,,,,,
Dubai (DSC),England,West Indies,JC Buttler,FH Edwards,151,8,19,27,0,7.95,47,126.67,65,159,,,,,,,,
"Sabina Park, Kingston",India,West Indies,V Kohli,LS Baker,27,0,2,27,0,13.50,14,130.00,12,190,,,,,,,,
"Queen's Park Oval, Port of Spain",India,West Indies,V Kohli,FH Edwards,31,1,5,30,1,6.20,16,128.33,7,159,,,,,,,,
Wankhede Stadium,India,West Indies,AM Rahane,S Badree,77,1,9,46,1,8.56,21,126.67,9,192,,,,,,,,
"Queen's Park Oval, Port of Spain",India,West Indies,RG Sharma,CD Barnwell,119,4,17,47,0,7.00,42,122.92,19,159,,,,,,,,
"Queen's Park Oval, Port of Spain",India,West Indies,YK Pathan,R Rampaul,145,6,19,59,2,7.63,13,130.00,3,159,,,,,,,,
Manchester,India,West Indies,EJG Morgan,KAJ Roach,150,8,19,38,2,7.89,52,125.00,80,183,,,,,,,,
Hobart,Ireland,West Indies,AR White,KAJ Roach,160,7,19,47,2,8.42,26,126.67,96,183,,,,,,,,
Eden Park,New Zealand,West Indies,BB McCullum,FH Edwards,7,0,1,7,0,7.00,5,136.21,1,155,,,,,,,,
Eden Park,New Zealand,West Indies,LRPL Taylor,LS Baker,48,2,6,38,2,8.00,9,142.50,8,155,,,,,,,,
Seddon Park,New Zealand,West Indies,LRPL Taylor,KAJ Roach,132,1,12,68,1,11.00,58,131.25,1,191,,,,,,,,
Manchester,New Zealand,West Indies,C Munro,KAJ Roach,179,8,19,51,0,9.42,25,126.67,120,204,,,,,,,,
Dubai International Cricket Stadium,Pakistan,West Indies,Khalid Latif,FH Edwards,46,1,7,42,0,6.57,20,136.21,13,160,,,,,,,,
Nottingham,Pakistan,West Indies,Abdul Razzaq,LS Baker,101,7,19,17,4,5.32,9,125.00,3,136,,,,,,,,
Hobart,Scotland,West Indies,Nasir Jamshed,FH Edwards,184,6,19,40,3,9.68,126,125.00,98,206,,,,,,,,
Kingsmead,South Africa,West Indies,MN van Wyk,CR Brathwaite,6,0,1,6,0,6.00,1,128.33,0,195,,,,,,,,
Kingsmead,South Africa,West Indies,MN van Wyk,CR Brathwaite,7,0,1,7,0,7.00,1,125.00,0,195,,,,,,,,
New Wanderers Stadium,South Africa,West Indies,F du Plessis,JO Holder,20,1,2,20,1,10.00,15,131.25,0,231,,,,,,,,
New Wanderers Stadium,South Africa,West Indies,F du Plessis,AD Russell,29,2,3,29,2,9.67,6,136.67,1,231,,,,,,,,
St George's Park,South Africa,West Indies,VD Philander,FH Edwards,19,6,7,12,2,2.71,6,130.00,2,58,,,,,,,,
St George's Park,South Africa,West Indies,VD Philander,FH Edwards,20,6,7,13,2,2.86,6,128.33,2,58,,,,,,,,
"Sir Vivian Richards Stadium, North Sound",South Africa,West Indies,JP Duminy,KAJ Roach,115,3,16,30,2,7.19,7,136.67,0,136,,,,,,,,
Newlands,South Africa,West Indies,RR Rossouw,SS Cottrell,126,3,16,38,0,7.88,30,131.25,24,165,,,,,,,,
Kingsmead,South Africa,West Indies,MN van Wyk,KAJ Roach,173,3,19,50,2,9.11,99,145.83,0,195,,,,,,,,
Dubai (DSC),South Africa,West Indies,JP Duminy,KAJ Roach,146,5,19,29,1,7.68,44,125.00,94,163,,,,,,,,
Kennington Oval,Sri Lanka,West Indies,DPMD Jayawardene,KAJ Roach,75,2,11,30,2,6.82,46,136.67,1,158,,,,,,,,
Kennington Oval,Sri Lanka,West Indies,AD Mathews,KAJ Roach,142,5,19,51,2,7.47,91,130.00,1,158,,,,,,,,
M Chinnaswamy Stadium,Sri Lanka,West Indies,AD Mathews,KAJ Roach,91,5,16,31,0,5.69,21,122.92,20,122,,,,,,,,
M Chinnaswamy Stadium,Sri Lanka,West Indies,KMDN Kulasekara,FH Edwards,95,6,17,30,1,5.59,22,130.00,2,122,,,,,,,,
Chester-le-Street,Sri Lanka,West Indies,DPMD Jayawardene,LS Baker,101,9,19,53,4,5.32,45,136.67,1,135,,,,,,,,
Abu Dhabi,Sri Lanka,West Indies,HDRL Thirimanne,FH Edwards,170,8,19,27,3,8.95,85,130.00,90,195,,,,,,,,
"Sir Vivian Richards Stadium, North Sound",Zimbabwe,West Indies,H Masakadza,TL Best,22,2,4,22,2,5.50,4,130.00,3,130,,,,,,,,
County Ground,Derbyshire,Worcestershire,JDS Neesham,J Leach,137,4,15,44,2,9.13,21,128.33,5,192,,,,,,,,
"County Ground, New Road",Northamptonshire,Worcestershire,SP Crook,CJ Russell,57,3,8,37,2,7.13,7,125.00,4,169,,,,,,,,
Edgbaston,Warwickshire,Worcestershire,IR Bell,J Leach,22,0,2,22,0,11.00,11,125.00,8,155,,,,,,,,
Old Trafford,Lancashire,Yorkshire,AN Petersen,SA Patterson,20,0,2,20,0,10.00,11,125.00,8,204,,,,,,,,
"Vidarbha Cricket Association Stadium, Jamtha",Afghanistan,Zimbabwe,Samiullah Shenwari,Sikandar Raza,87,4,12,29,2,7.25,15,130.00,11,186,,,,,,,,
Sharjah Cricket Stadium,Afghanistan,Zimbabwe,Mohammad Shahzad,AG Cremer,94,1,10,61,1,9.40,73,125.00,10,215,,,,,,,,
Newlands,Australia,Zimbabwe,BJ Haddin,T Mupariwa,91,5,15,40,1,6.07,17,131.25,3,138,,,,,,,,
Queens Sports Club,Bangladesh,Zimbabwe,Shakib Al Hasan,BV Vitori,5,1,1,5,1,5.00,1,125.00,0,168,,,,,,,,
Queens Sports Club,Bangladesh,Zimbabwe,Shakib Al Hasan,SW Masakadza,15,1,2,15,1,7.50,9,125.00,1,168,,,,,,,,
Queens Sports Club,Bangladesh,Zimbabwe,Shakib Al Hasan,N M'shangwe,74,1,8,42,0,9.25,39,141.67,27,168,,,,,,,,
Queens Sports Club,Bangladesh,Zimbabwe,Nasir Hossain,BV Vitori,148,5,17,37,1,8.71,25,147.00,8,168,,,,,,,,
Sheikh Abu Naser Stadium,Bangladesh,Zimbabwe,Shakib Al Hasan,T Muzarabani,140,4,17,53,1,8.24,38,131.25,6,167,,,,,,,,
Brisbane,Bangladesh,Zimbabwe,Nasir Hossain,null,177,9,19,54,2,9.32,17,136.67,32,210,,,,,,,,
Harare Sports Club,India,Zimbabwe,DS Kulkarni,N Madziva,123,6,19,37,2,6.47,6,141.67,0,138,,,,,,,,
Melbourne,India,Zimbabwe,Yuvraj Singh,E Chigumbura,133,8,19,45,2,7.00,11,125.00,70,169,,,,,,,,
Hobart,Ireland,Zimbabwe,NG Jones,T Mupariwa,138,6,19,37,0,7.26,49,141.67,57,164,,,,,,,,
Adelaide,Netherlands,Zimbabwe,W Barresi,P Utseya,127,7,19,10,2,6.68,71,125.00,28,151,,,,,,,,
Harare Sports Club,Pakistan,Zimbabwe,Nasir Jamshed,T Taibu,6,0,1,6,0,6.00,3,125.00,1,161,,,,,,,,
Harare Sports Club,Pakistan,Zimbabwe,Mohammad Hafeez,FH Edwards,19,1,3,19,1,6.33,7,141.67,1,161,,,,,,,,
Harare Sports Club,Pakistan,Zimbabwe,Mohammad Hafeez,RW Price,46,0,4,46,0,11.50,27,136.67,13,198,,,,,,,,
Harare Sports Club,Pakistan,Zimbabwe,Mohammad Hafeez,E Chigumbura,91,1,9,41,1,10.11,39,126.67,1,198,,,,,,,,
Harare Sports Club,Pakistan,Zimbabwe,Umar Amin,SW Masakadza,27,2,5,22,2,5.40,8,126.67,3,161,,,,,,,,
Harare Sports Club,Pakistan,Zimbabwe,Mohammad Hafeez,E Chigumbura,44,1,7,33,1,6.29,17,125.00,1,179,,,,,,,,
Harare Sports Club,Pakistan,Zimbabwe,Mohammad Hafeez,E Chigumbura,45,1,7,34,1,6.43,17,141.67,1,179,,,,,,,,
Harare Sports Club,Pakistan,Zimbabwe,Imad Wasim,E Chigumbura,100,5,16,29,2,6.25,19,147.00,1,136,,,,,,,,
Perth,Pakistan,Zimbabwe,Abdul Razzaq,T Mupariwa,179,8,19,31,0,9.42,7,141.67,71,185,,,,,,,,
Hobart,Scotland,Zimbabwe,Nasir Jamshed,E Chigumbura,105,7,19,55,0,5.53,46,126.67,28,115,,,,,,,,
"Sir Vivian Richards Stadium, North Sound",West Indies,Zimbabwe,J Charles,T Mupariwa,8,0,2,8,0,4.00,6,130.00,1,158,,,,,,,,
Hobart,West Indies,Zimbabwe,BRM Taylor,P Utseya,160,8,19,18,3,8.42,43,136.67,21,166,,,,,,,,
